,Urls
0,/en/ipo-showcase/maat-pharma-sa
1,/en/ipo-showcase/motork-plc
2,/en/ipo-showcase/lagence-automobiliere-sa
3,/en/ipo-showcase/forsee-power
4,/en/ipo-showcase/acticor-biotech-sa
5,/en/ipo-showcase/waga-energy-sa
6,/en/ipo-showcase/crypto-blockchain-industries-sa
7,/en/ipo-showcase/ebusco-holding-nv
8,/en/ipo-showcase/onward-medical-nv
9,/en/ipo-showcase/autostore-holdings-ltd
10,/en/ipo-showcase/ovh-groupe
11,/en/ipo-showcase/audacia-sa
12,/en/ipo-showcase/disruptive-capital-acquisition
13,/en/ipo-showcase/les-toques-blanches-du-monde-2021
14,/en/ipo-showcase/entech-sa
15,/en/ipo-showcase/afyren
16,/en/ipo-showcase/pyrum-innovations-ag
17,/en/ipo-showcase/scientia-school-sa
18,/en/ipo-showcase/antin-infrastructure-partners
19,/en/ipo-showcase/majorel-group-luxembourg-sa
20,/en/ipo-showcase/corre-energy-bv
21,/en/ipo-showcase/exclusive-networks-sa
22,/en/ipo-showcase/airtime-partecipazioni-spa
23,/en/ipo-showcase/universal-music-group-nv
24,/en/ipo-showcase/arimelia-itg-socimi-sa
25,/en/ipo-showcase/western-bulk-chartering
26,/en/ipo-showcase/boostheat
27,/en/ipo-showcase/azelis-group-nv
28,/en/ipo-showcase/hf-company
29,/en/ipo-showcase/advenis
30,/en/ipo-showcase/exacompta-clairefontaine
31,/en/ipo-showcase/anora-group-plc
32,/en/ipo-showcase/igis-neptune-barcelona-holdco
33,/en/ipo-showcase/astrocast-sa
34,/en/ipo-showcase/questback-group
35,/en/ipo-showcase/sparebank-68-grader-nord
36,/en/ipo-showcase/barramundi-group-ltd
37,/en/ipo-showcase/eurolog-canola-socimi-sau
38,/en/ipo-showcase/biofish-holding
39,/en/ipo-showcase/havila-kystruten
40,/en/ipo-showcase/faifey-invest
41,/en/ipo-showcase/groupe-airwell
42,/en/ipo-showcase/draper-esprit-plc
43,/en/ipo-showcase/bank-norwegian-asa
44,/en/ipo-showcase/i2po-sa
45,/en/ipo-showcase/ikonisys-sa
46,/en/ipo-showcase/energy-transition-partners-bv
47,/en/ipo-showcase/impulse-fitness-solutions-sa
48,/en/ipo-showcase/plasticos-compuestos-sa-kompuestos
49,/en/ipo-showcase/vam-investments-spac-bv
50,/en/ipo-showcase/greenvolt-energias-renovavei
51,/en/ipo-showcase/akobo-minerals-ab
52,/en/ipo-showcase/enogia
53,/en/ipo-showcase/vow-green-metals
54,/en/ipo-showcase/e-pango-sa
55,/en/ipo-showcase/salmon-evolution-asa
56,/en/ipo-showcase/mercell-holding-asa
57,/en/ipo-showcase/datalex-plc
58,/en/ipo-showcase/wiziboat-sa
59,/en/ipo-showcase/spartoo-sa
60,/en/ipo-showcase/new-amsterdam-invest-nv-spac
61,/en/ipo-showcase/gigante-salmon
62,/en/ipo-showcase/nfl-biosciences-sa
63,/en/ipo-showcase/meridia-re-iv-socimi-sau
64,/en/ipo-showcase/biotalys-nv
65,/en/ipo-showcase/ama-corporation-plc
66,/en/ipo-showcase/odyssey-acquisition-sa
67,/en/ipo-showcase/dnb-bank-asa
68,/en/ipo-showcase/climate-transition-capital-acquisition-i-bv
69,/en/ipo-showcase/alternus-energy-group-plc
70,/en/ipo-showcase/res-gestae-socimi-sa
71,/en/ipo-showcase/boa-concept-sa
72,/en/ipo-showcase/dee-tech-sa
73,/en/ipo-showcase/gentian-diagnostics-asa
74,/en/ipo-showcase/hydrogene-de-france
75,/en/ipo-showcase/groupe-casol
76,/en/ipo-showcase/smartcraft-asa
77,/en/ipo-showcase/cloudberry-clean-energy-asa
78,/en/ipo-showcase/crystal-peak-acquisition
79,/en/ipo-showcase/transition-sa
80,/en/ipo-showcase/rapid-nutrition-plc
81,/en/ipo-showcase/komplett-asa
82,/en/ipo-showcase/aker-carbon-capture-asa
83,/en/ipo-showcase/omer-decugis-cie
84,/en/ipo-showcase/aramis-group-sa
85,/en/ipo-showcase/signaux-girod
86,/en/ipo-showcase/masoval
87,/en/ipo-showcase/elopak-asa
88,/en/ipo-showcase/theravet-sa
89,/en/ipo-showcase/namr-sa
90,/en/ipo-showcase/affluent-medical
91,/en/ipo-showcase/lytix-biopharma
92,/en/ipo-showcase/integritas-viager-sa
93,/en/ipo-showcase/nx-filtration-nv
94,/en/ipo-showcase/believe-sa
95,/en/ipo-showcase/r8-property-asa
96,/en/ipo-showcase/abo-group-environment
97,/en/ipo-showcase/smartoptics-group
98,/en/ipo-showcase/nordhealth
99,/en/ipo-showcase/kumulus-vape
100,/en/ipo-showcase/accor-acquisition-company-sa
101,/en/ipo-showcase/ktesios-real-estate-socimi-sa
102,/en/ipo-showcase/m-vest-water
103,/en/ipo-showcase/yew-grove-reit-plc
104,/en/ipo-showcase/hipay-group
105,/en/ipo-showcase/obiz-sa
106,/en/ipo-showcase/aker-horizons-asa
107,/en/ipo-showcase/clean-seas-seafood-limited
108,/en/ipo-showcase/ecit
109,/en/ipo-showcase/harmonychain
110,/en/ipo-showcase/norsk-titanium
111,/en/ipo-showcase/hedosophia-european-growth
112,/en/ipo-showcase/les-agences-de-papa
113,/en/ipo-showcase/deep-value-driller
114,/en/ipo-showcase/volue-asa
115,/en/ipo-showcase/pegasus-acquisition-company-europe-bv
116,/en/ipo-showcase/argeo
117,/en/ipo-showcase/hamilton-global-opportunities
118,/en/ipo-showcase/nordic-halibut
119,/en/ipo-showcase/statt-torsk
120,/en/ipo-showcase/allfunds-group-plc
121,/en/ipo-showcase/largo-sa
122,/en/ipo-showcase/norsk-solar
123,/en/ipo-showcase/global-pielago-socimi-sa
124,/en/ipo-showcase/bergen-carbon-solutions
125,/en/ipo-showcase/hynion
126,/en/ipo-showcase/orinoquia-real-estate-socimi-sa
127,/en/ipo-showcase/desert-control
128,/en/ipo-showcase/aker-biomarine-asa
129,/en/ipo-showcase/norse-atlantic-asa
130,/en/ipo-showcase/inmark-prime-socimi-sau
131,/en/ipo-showcase/ekopak-nv
132,/en/ipo-showcase/tekna-holding
133,/en/ipo-showcase/froy-asa
134,/en/ipo-showcase/geci-international
135,/en/ipo-showcase/orn-software-holding
136,/en/ipo-showcase/european-fintech-ipo-company-1
137,/en/ipo-showcase/integrated-wind-solutions
138,/en/ipo-showcase/ctp-nv
139,/en/ipo-showcase/kyoto-group
140,/en/ipo-showcase/ecoonline-holding
141,/en/ipo-showcase/green-minerals
142,/en/ipo-showcase/bw-ideol
143,/en/ipo-showcase/kahoot-asa
144,/en/ipo-showcase/netgem
145,/en/ipo-showcase/aker-clean-hydrogen
146,/en/ipo-showcase/httpswwwinsiderlogcom
147,/en/ipo-showcase/feiifru-coimbra-viva-i
148,/en/ipo-showcase/keyrus
149,/en/ipo-showcase/circa-group
150,/en/ipo-showcase/flyr
151,/en/ipo-showcase/choice-nv
152,/en/ipo-showcase/rana-gruber
153,/en/ipo-showcase/arctic-bioscience
154,/en/ipo-showcase/skandia-greenpower
155,/en/ipo-showcase/arctic-fish-holding
156,/en/ipo-showcase/otovo
157,/en/ipo-showcase/envipco-holding-nv-0
158,/en/ipo-showcase/voluntis-sa-0
159,/en/ipo-showcase/sonans-holding
160,/en/ipo-showcase/crc-holding-bv
161,/en/ipo-showcase/technip-energies-nv
162,/en/ipo-showcase/huddly
163,/en/ipo-showcase/medesis-pharma-sa
164,/en/ipo-showcase/esg-core-investments-bv
165,/en/ipo-showcase/beaconsmind-ag
166,/en/ipo-showcase/cambi-asa
167,/en/ipo-showcase/hydrogen-refueling-solutions
168,/en/ipo-showcase/innelec-multimedia
169,/en/ipo-showcase/pherecydes-pharma
170,/en/ipo-showcase/proximar-seafood
171,/en/ipo-showcase/aker-horizons
172,/en/ipo-showcase/okeanis-eco-tankers-corp
173,/en/ipo-showcase/inpost-sa
174,/en/ipo-showcase/horisont-energi
175,/en/ipo-showcase/tivoly
176,/en/ipo-showcase/mpc-energy-solutions-nv
177,/en/ipo-showcase/stellantis-nv
178,/en/ipo-showcase/supersonic-imagine-0
179,/en/ipo-showcase/hammerson-plc
180,/en/ipo-showcase/hopium-sa
181,/en/ipo-showcase/skitude-holding
182,/en/ipo-showcase/cyviz
183,/en/ipo-showcase/bewi-asa-0
184,/en/ipo-showcase/elektroimportoren
185,/en/ipo-showcase/onxeo
186,/en/ipo-showcase/nordic-unmanned
187,/en/ipo-showcase/hexagon-purus
188,/en/ipo-showcase/aleph-finance-group-plc
189,/en/ipo-showcase/archos
190,/en/ipo-showcase/kraft-bank-asa
191,/en/ipo-showcase/inclusio-sanv
192,/en/ipo-showcase/winfarm
193,/en/ipo-showcase/2mx-organic-sa
194,/en/ipo-showcase/gnp-energy
195,/en/ipo-showcase/t-stamp-inc
196,/en/ipo-showcase/cogelec-sa-0
197,/en/ipo-showcase/meltwater-bv
198,/en/ipo-showcase/nordic-aqua-partners
199,/en/ipo-showcase/unilever
200,/en/ipo-showcase/alchimie
201,/en/ipo-showcase/cadeler
202,/en/ipo-showcase/huddlestock-fintech
203,/en/ipo-showcase/kingfish-company-nv
204,/en/ipo-showcase/segro-public-limited-company
205,/en/ipo-showcase/cesynt-advanced-solutions-spa-b
206,/en/ipo-showcase/cesynt-advanced-solutions-spa-a
207,/en/ipo-showcase/dutch-star-companies-two-bv
208,/en/ipo-showcase/xplora-technologies
209,/en/ipo-showcase/nortel
210,/en/ipo-showcase/2020-bulkers-ltd
211,/en/ipo-showcase/airthings-asa
212,/en/ipo-showcase/everfuel
213,/en/ipo-showcase/kalera
214,/en/ipo-showcase/icelandic-salmon
215,/en/ipo-showcase/ocean-sun
216,/en/ipo-showcase/patientsky-group
217,/en/ipo-showcase/link-mobility-group-holding-asa
218,/en/ipo-showcase/house-control-group
219,/en/ipo-showcase/making-science-group-sa
220,/en/ipo-showcase/volue
221,/en/ipo-showcase/les-constructeurs-du-bois-sa
222,/en/ipo-showcase/elliptic-laboratories
223,/en/ipo-showcase/norcod
224,/en/ipo-showcase/hydrogenpro
225,/en/ipo-showcase/teco-2030-asa
226,/en/ipo-showcase/ecomiam
227,/en/ipo-showcase/csam-health-group
228,/en/ipo-showcase/play-magnus
229,/en/ipo-showcase/vaccibody
230,/en/ipo-showcase/zaptec
231,/en/ipo-showcase/mintra-holding
232,/en/ipo-showcase/brabank-asa
233,/en/ipo-showcase/healthcare-activos-yield-socimi-sa
234,/en/ipo-showcase/agilyx
235,/en/ipo-showcase/cabasse-group
236,/en/ipo-showcase/oht-asa
237,/en/ipo-showcase/euromedis
238,/en/ipo-showcase/unifiedpost-group
239,/en/ipo-showcase/salmon-evolution-holding
240,/en/ipo-showcase/nyxoah-sa
241,/en/ipo-showcase/amoeba
242,/en/ipo-showcase/neufcour-sacie-finde
243,/en/ipo-showcase/adux-sa
244,/en/ipo-showcase/rsr-singular-assets-europe-socimi-sau
245,/en/ipo-showcase/riber
246,/en/ipo-showcase/it-link-sa
247,/en/ipo-showcase/installux-sa
248,/en/ipo-showcase/bewi-asa
249,/en/ipo-showcase/aker-carbon-capture
250,/en/ipo-showcase/aker-offshore-wind-holding
251,/en/ipo-showcase/aroca-del-pinar-socimi
252,/en/ipo-showcase/instabank-asa
253,/en/ipo-showcase/vref-seville-real-estate-holdco-socimi
254,/en/ipo-showcase/orbis-properties-socimi
255,/en/ipo-showcase/aptorum-group-limited
256,/en/ipo-showcase/solutions-30-se
257,/en/ipo-showcase/energisme-sa
258,/en/ipo-showcase/elop
259,/en/ipo-showcase/sikri-holding
260,/en/ipo-showcase/exact-therapeutics
261,/en/ipo-showcase/mercell-holding
262,/en/ipo-showcase/ayfie-group
263,/en/ipo-showcase/aker-biomarine
264,/en/ipo-showcase/hyloris-pharmaceuticals-sa
265,/en/ipo-showcase/olimpo-real-estate-portugal-sigi-sa
266,/en/ipo-showcase/andfjord-salmon
267,/en/ipo-showcase/agp-malaga-socimi-sa
268,/en/ipo-showcase/ice-fish-farm
269,/en/ipo-showcase/jde-peets-nv
270,/en/ipo-showcase/iante-investments-socimi-sa
271,/en/ipo-showcase/fleury-michon
272,/en/ipo-showcase/pexip-holding-asa
273,/en/ipo-showcase/atlantic-sapphire
274,/en/ipo-showcase/hafnia-limited
275,/en/ipo-showcase/romsdal-sparebank
276,/en/ipo-showcase/inmosupa-socimi-sa
277,/en/ipo-showcase/cloudberry-clean-energy
278,/en/ipo-showcase/mr-bricolage
279,/en/ipo-showcase/nacon
280,/en/ipo-showcase/northern-ocean-ltd
281,/en/ipo-showcase/facephi-biometria-sa
282,/en/ipo-showcase/quantafuel
283,/en/ipo-showcase/bw-energy-limited
284,/en/ipo-showcase/paulic-meunerie-sa
285,/en/ipo-showcase/pixium-vision-0
286,/en/ipo-showcase/munic-sa
287,/en/ipo-showcase/renewi-plc
288,/en/ipo-showcase/merlin-properties-socimi-sa
289,/en/ipo-showcase/innovative-rfk-spa
290,/en/ipo-showcase/immupharma-plc
291,/en/ipo-showcase/mare-nostrum
292,/ipo-showcase/maq-administracion-urbanas-socimi-sa
293,/en/ipo-showcase/akka-technologies
294,/en/ipo-showcase/la-francaise-des-jeux
295,/en/ipo-showcase/agripower
296,/en/ipo-showcase/aedifica
297,/en/ipo-showcase/hoffmann-green-cement-technologies
298,/en/ipo-showcase/quadpack
299,/en/ipo-showcase/boostheat-2019
300,/en/ipo-showcase/verallia
301,/en/ipo-showcase/dnx-corp-se
302,/en/ipo-showcase/prosus
303,/en/ipo-showcase/la-perla-fashion-holding
304,/en/ipo-showcase/le-tanneur
305,/ipo-showcase/groupe-ldlc-sa
306,/ipo-showcase/retail-properties
307,/en/ipo-showcase/safe-orthopaedics-0
308,/en/ipo-showcase/iposa-properties
309,/en/ipo-showcase/media-maker-spa-0
310,/en/ipo-showcase/titan-cement-international-sa
311,/en/ipo-showcase/uniti-sa
312,/en/ipo-showcase/aerkomm-inc
313,/en/ipo-showcase/agartha-real-estate-socimi-sau
314,/en/ipo-showcase/societa-editoriale-il-fatto
315,/en/ipo-showcase/groupe-tera
316,/en/ipo-showcase/uniphar-plc
317,/en/ipo-showcase/lanson-bcc
318,/en/ipo-showcase/mre-iii-proyecto-cinco-socimi
319,/en/ipo-showcase/fastned-bv
320,/en/ipo-showcase/advicenne-bru
321,/en/ipo-showcase/marel-hf
322,/en/ipo-showcase/kumulus-vape-2019
323,/en/ipo-showcase/adelphi-gere
324,/en/ipo-showcase/monumental-residence
325,/en/ipo-showcase/multi-24
326,/en/ipo-showcase/whiteni-r-cajal-socimi
327,/en/ipo-showcase/ediliziacrobatica
328,/en/ipo-showcase/arcure-sa
329,/en/ipo-showcase/sequana-medical-nv
330,/en/ipo-showcase/italy-innovazioni
331,/en/ipo-showcase/baikowski
332,/en/ipo-showcase/flexdeal-simfe-sa
333,/en/ipo-showcase/predilife
334,/en/ipo-showcase/lleidanet
335,/en/ipo-showcase/almnd
336,/en/ipo-showcase/vogo-sa
337,/en/ipo-showcase/blue-shark-power-system-sa
338,/en/ipo-showcase/neoen-sa
339,/en/ipo-showcase/farminveste-sgps-sa
340,/en/ipo-showcase/shurgard-self-storage-sa
341,/en/ipo-showcase/medincell-sa
342,/en/ipo-showcase/barings-core-spain-socimi
343,/en/ipo-showcase/relx-plc
344,/en/ipo-showcase/mybest-group-spa
345,/en/ipo-showcase/u10
346,/en/ipo-showcase/audiovalley-sa
347,/en/ipo-showcase/herige
348,/en/ipo-showcase/nature-et-logis
349,/en/ipo-showcase/navya
350,/en/ipo-showcase/raize-servicos-de-gestao-sa
351,/en/ipo-showcase/logis-confort-socimi-sa
352,/en/ipo-showcase/invibes-advertising-0
353,/en/ipo-showcase/bio-uv-group
354,/en/ipo-showcase/ordissimo
355,/en/ipo-showcase/roche-bobois
356,/en/ipo-showcase/fng-nv
357,/en/ipo-showcase/guandao-puer-inves
358,/en/ipo-showcase/envipco-holding-nv
359,/en/ipo-showcase/eurocommercial-properties-nv
360,/en/ipo-showcase/2crsi-sa
361,/en/ipo-showcase/cogelec-sa
362,/en/ipo-showcase/adyen-nv
363,/en/ipo-showcase/kalray-sa
364,/en/ipo-showcase/unibail-wfd-unibai
365,/en/ipo-showcase/enensys-technologies-sa
366,/en/ipo-showcase/voluntis-sa
367,/en/ipo-showcase/dontnod-entertainment-sa
368,/en/ipo-showcase/parx-plastics-nv
369,/en/ipo-showcase/oxatis
370,/en/ipo-showcase/retail-estates
371,/en/ipo-showcase/vente-uniquecom
372,/en/ipo-showcase/bs-group-sa
373,/en/ipo-showcase/media-lab-spa
374,/en/ipo-showcase/nibc-holding-nv
375,/en/ipo-showcase/alfen-nv
376,/en/ipo-showcase/metrics-balance
377,/en/ipo-showcase/weaccess-group
378,/en/ipo-showcase/octopus-robots-sa
379,/en/ipo-showcase/acacia-pharma-group-plc
380,/en/ipo-showcase/dutch-star-companies-one
381,/en/ipo-showcase/ppla-participations-ltd
382,/en/ipo-showcase/encres-dubuit
383,/en/ipo-showcase/air-marine-sa
384,/en/ipo-showcase/advicenne
385,/en/ipo-showcase/reinet-investments-sca
386,/en/ipo-showcase/theranexus-sa
387,/en/ipo-showcase/smcp-sa
388,/en/ipo-showcase/adeunis
389,/en/ipo-showcase/biom-sa
390,/en/ipo-showcase/m2i
391,/en/ipo-showcase/alveen
392,/en/ipo-showcase/pharmasimple-2017
393,/en/ipo-showcase/uv-germi
394,/en/ipo-showcase/one-experience
395,/en/ipo-showcase/nepi-rockcastle-plc
396,/en/ipo-showcase/implanet
397,/en/ipo-showcase/health
398,/en/ipo-showcase/ald
399,/en/ipo-showcase/balta-group-nv
400,/en/ipo-showcase/antalis-international-sa
401,/en/ipo-showcase/balyo-sa
402,/en/ipo-showcase/valbiotis-sa
403,/en/ipo-showcase/koninklijke-volkerwessels-nv
404,/en/ipo-showcase/prodways-group
405,/en/ipo-showcase/x-fab-silicon-foundries-se
406,/en/ipo-showcase/veon-ltd
407,/en/ipo-showcase/mecelec
408,/en/ipo-showcase/avantium-nv
409,/en/ipo-showcase/tikehau-capital-sca
410,/en/ipo-showcase/aperam-sa
411,/en/ipo-showcase/inventiva-sa
412,/en/ipo-showcase/lysogene
413,/en/ipo-showcase/osmozis-sa
414,/en/ipo-showcase/multimicrocloud-sa
415,/en/ipo-showcase/technipfmc-plc
416,/en/ipo-showcase/cenergy-holdings-sa
417,/en/ipo-showcase/nextstage
418,/en/ipo-showcase/patris-investimentos-sgps-sa
419,/en/ipo-showcase/horizontal-software-sa
420,/en/ipo-showcase/gour-medical
421,/en/ipo-showcase/pharmasimple
422,/en/ipo-showcase/groupe-parot
423,/en/ipo-showcase/ab-inbev
424,/en/ipo-showcase/abeo-sa
425,/en/ipo-showcase/takeawaycom-nv
426,/en/ipo-showcase/noxxon-pharma-nv
427,/en/ipo-showcase/neolife
428,/en/ipo-showcase/devernois_sa
429,/en/ipo-showcase/invibes-advertising
430,/en/ipo-showcase/un-toit-pour-toi
431,/en/ipo-showcase/pharnext
432,/en/ipo-showcase/gensight-biologics
433,/en/ipo-showcase/enertime
434,/en/ipo-showcase/cerinnov-group
435,/en/ipo-showcase/la-francaise-de-l-energie
436,/en/ipo-showcase/asr-nederland
437,/en/ipo-showcase/basic-fit
438,/en/ipo-showcase/coca-cola-european-partners-plc
439,/en/ipo-showcase/maisons-du-monde
440,/en/ipo-showcase/philips-lighting
441,/en/ipo-showcase/la-savonnerie-de-nyons
442,/en/ipo-showcase/kerlink
443,/en/ipo-showcase/forfarmers
444,/en/ipo-showcase/sif-holding-nv
445,/en/ipo-showcase/asit-biotech-sa
446,/en/ipo-showcase/bambu-ag
447,/en/ipo-showcase/dwc-30-spa
448,/en/ipo-showcase/mediawan
449,/en/ipo-showcase/quadpack-industries
450,/en/ipo-showcase/witbe
451,/en/ipo-showcase/geneuro
452,/en/ipo-showcase/figeac-aero-eur
453,/en/ipo-showcase/royal-reesink
454,/en/ipo-showcase/azorean-aquatic-technologies-sa
455,/en/ipo-showcase/brico-distribution
456,/en/ipo-showcase/o-sorbet-damour
457,/en/ipo-showcase/immersion
458,/en/ipo-showcase/drone-volt
459,/en/ipo-showcase/dbt
460,/en/ipo-showcase/miliboo
461,/en/ipo-showcase/xior-student-housing-nv
462,/en/ipo-showcase/maison-clio-blue
463,/en/ipo-showcase/poulaillon
464,/en/ipo-showcase/compagnie-miniere-grecemar-sa
465,/en/ipo-showcase/abn-amro-group
466,/en/ipo-showcase/direct-energie
467,/en/ipo-showcase/nokia
468,/en/ipo-showcase/warehouses-de-pauw
469,/en/ipo-showcase/amundi
470,/en/ipo-showcase/curetis-nv
471,/en/ipo-showcase/srp-groupe
472,/en/ipo-showcase/kko-international
473,/en/ipo-showcase/4service-cloud-tech-ag
474,/en/ipo-showcase/intertrust
475,/en/ipo-showcase/technofirst
476,/en/ipo-showcase/aroundtown
477,/en/ipo-showcase/brokersclub
478,/en/ipo-showcase/ashler-et-manson
479,/en/ipo-showcase/viapresse
480,/en/ipo-showcase/datbim
481,/en/ipo-showcase/ares-allergy-holdings
482,/en/ipo-showcase/microskin-plc
483,/en/ipo-showcase/design-your-home
484,/en/ipo-showcase/gascogne
485,/en/ipo-showcase/integral
486,/en/ipo-showcase/altice
487,/en/ipo-showcase/lexibook
488,/en/ipo-showcase/anlarop-development-ag
489,/en/ipo-showcase/biophytis
490,/en/ipo-showcase/valoneo
491,/en/ipo-showcase/flow-traders
492,/en/ipo-showcase/cellnovo
493,/en/ipo-showcase/amoeba-biocide
494,/en/ipo-showcase/biocorp
495,/en/ipo-showcase/holcim-ltd
496,/en/ipo-showcase/ml-trading-ag
497,/en/ipo-showcase/gentlemen%E2%80%99s-equity-sa
498,/en/ipo-showcase/kiadis-pharma
499,/en/ipo-showcase/compagnie-coloniale
500,/en/ipo-showcase/mithra-pharmaceuticals
501,/en/ipo-showcase/hipay-group-2015
502,/en/ipo-showcase/amplitude-surgical
503,/en/ipo-showcase/abivax
504,/en/ipo-showcase/europcar-groupe
505,/en/ipo-showcase/wallix
506,/en/ipo-showcase/turenne-investissement
507,/en/ipo-showcase/spie
508,/en/ipo-showcase/point-parfums
509,/en/ipo-showcase/protektus-ag
510,/en/ipo-showcase/aroundtown-property-holdings
511,/en/ipo-showcase/uniti
512,/en/ipo-showcase/primecity
513,/en/ipo-showcase/tinc-comm-va
514,/en/ipo-showcase/biocartis-group-nv
515,/en/ipo-showcase/drone-volt-mli
516,/en/ipo-showcase/electro-power-systems
517,/en/ipo-showcase/sensorion
518,/en/ipo-showcase/plant-advanced-technologies
519,/en/ipo-showcase/ose-pharma
520,/en/ipo-showcase/cerenis-therapeutics
521,/en/ipo-showcase/refresco-gerber
522,/en/ipo-showcase/mandalore-holding-sa
523,/en/ipo-showcase/sumo-resources
524,/en/ipo-showcase/ecoslops
525,/en/ipo-showcase/focus-home-interactive
526,/en/ipo-showcase/tronics-microsystems
527,/en/ipo-showcase/hightel-towers
528,/en/ipo-showcase/elis
529,/en/ipo-showcase/safe-orthopaedics
530,/en/ipo-showcase/poxel
531,/en/ipo-showcase/bone-therapeutics
532,/en/ipo-showcase/grandvision-nv
533,/en/ipo-showcase/lucas-bols-nv
534,/en/ipo-showcase/oceasoft
535,/en/ipo-showcase/cnova-nv
536,/en/ipo-showcase/sendr-se
537,/en/ipo-showcase/klepierre-sa
538,/en/ipo-showcase/sintesi
539,/en/ipo-showcase/semplicemente
540,/en/ipo-showcase/cioa
541,/en/ipo-showcase/luigi-botto
542,/en/ipo-showcase/rapido-pr%C3%AAt
543,/en/ipo-showcase/mulann
544,/en/ipo-showcase/aroma-celte
545,/en/ipo-showcase/groupe-ag3i
546,/en/ipo-showcase/iceram
547,/en/ipo-showcase/methorios-capital
548,/en/ipo-showcase/gel-groupe
549,/en/ipo-showcase/home-concept-france
550,/en/ipo-showcase/prismaflex-international
551,/en/ipo-showcase/universalbe
552,/en/ipo-showcase/orclasscom
553,/en/ipo-showcase/mota-engil-africa-nv
554,/en/ipo-showcase/audience-labs
555,/en/ipo-showcase/fd-franck-deville
556,/en/ipo-showcase/primecity-investment-plc
557,/en/ipo-showcase/probiodrug-ag
558,/en/ipo-showcase/datahertz
559,/en/ipo-showcase/safti-groupe
560,/en/ipo-showcase/attractive-sport
561,/en/ipo-showcase/pershing-square-holdings-ltd
562,/en/ipo-showcase/pascal-piveteau
563,/en/ipo-showcase/euronext-nv
564,/en/ipo-showcase/universal-system-group
565,/en/ipo-showcase/steam-france
566,/en/ipo-showcase/essere-benessere-spa
567,/en/ipo-showcase/planetfr
568,/en/ipo-showcase/brederode-sa
569,/en/ipo-showcase/lucibel
570,/en/ipo-showcase/voltalia
571,/en/ipo-showcase/argen-x
572,/en/ipo-showcase/ateme
573,/en/ipo-showcase/esperite-nv
574,/en/ipo-showcase/sequa-petroleum
575,/en/ipo-showcase/nn-group
576,/fr/vitrine-des-introductions-en-bourse/ask
577,/en/ipo-showcase/viadeo
578,/nl/ipo-showcase/nn-group
579,/fr/vitrine-des-introductions-en-bourse/viadeo
580,/en/ipo-showcase/ask
581,/en/ipo-showcase/worldline
582,/fr/vitrine-des-introductions-en-bourse/coface-sa
583,/fr/vitrine-des-introductions-en-bourse/worldline
584,/en/ipo-showcase/imcd-nv
585,/en/ipo-showcase/coface-sa
586,/nl/ipo-showcase/imcd-nv
587,/en/ipo-showcase/sergeferrari-group
588,/en/ipo-showcase/ontex
589,/pt/pasta-ipo/euronext
590,/fr/vitrine-des-introductions-en-bourse/euronext
591,/nl/ipo-showcase/euronext
592,/en/ipo-showcase/euronext
593,/en/ipo-showcase/pixium-vision
594,/en/ipo-showcase/bluelinea
595,/fr/vitrine-des-introductions-en-bourse/bluelinea
596,/en/ipo-showcase/scandinavian-house-development
597,/en/ipo-showcase/reworldmedia
598,/fr/vitrine-des-introductions-en-bourse/scandinavian-house-development
599,/en/ipo-showcase/elior
600,/fr/vitrine-des-introductions-en-bourse/elior
601,/fr/vitrine-des-introductions-en-bourse/anevia
602,/nl/ipo-showcase/anevia
603,/en/ipo-showcase/anevia
604,/en/ipo-showcase/velcan
605,/en/ipo-showcase/visiativ
606,/fr/vitrine-des-introductions-en-bourse/kindy
607,/en/ipo-showcase/kindy
608,/en/ipo-showcase/realites-0
609,/pt/pasta-ipo/realites
610,/fr/vitrine-des-introductions-en-bourse/realites-0
611,/nl/ipo-showcase/realites
612,/en/ipo-showcase/innoveox
613,/fr/vitrine-des-introductions-en-bourse/innoveox
614,/en/ipo-showcase/mainstay-medical-international
615,/fr/vitrine-des-introductions-en-bourse/mainstay-medical-international
616,/nl/ipo-showcase/theraclion
617,/en/ipo-showcase/theraclion
618,/pt/pasta-ipo/theraclion
619,/fr/vitrine-des-introductions-en-bourse/theraclion
620,/en/ipo-showcase/awox
621,/fr/vitrine-des-introductions-en-bourse/awox
622,/fr/vitrine-des-introductions-en-bourse/genfit
623,/en/ipo-showcase/genfit
624,/en/ipo-showcase/umalis-group
625,/fr/vitrine-des-introductions-en-bourse/fermentalg
626,/fr/vitrine-des-introductions-en-bourse/umalis-group
627,/en/ipo-showcase/fermentalg
628,/fr/vitrine-des-introductions-en-bourse/txcell
629,/nl/ipo-showcase/txcell
630,/en/ipo-showcase/txcell
631,/pt/pasta-ipo/txcell
632,/fr/vitrine-des-introductions-en-bourse/gold-cap-resources
633,/en/ipo-showcase/gold-cap-resources
634,/fr/vitrine-des-introductions-en-bourse/quantum-genomics
635,/en/ipo-showcase/supersonic-imagine
636,/fr/vitrine-des-introductions-en-bourse/supersonic-imagine
637,/en/ipo-showcase/quantum-genomics
638,/en/ipo-showcase/genticel
639,/fr/vitrine-des-introductions-en-bourse/genticel
640,/nl/ipo-showcase/genticel-nl
641,/en/ipo-showcase/genomic-vision
642,/en/ipo-showcase/oncodesign
643,/fr/vitrine-des-introductions-en-bourse/genomic-vision
644,/fr/vitrine-des-introductions-en-bourse/oncodesign
645,/en/ipo-showcase/mcphy-energy
646,/fr/vitrine-des-introductions-en-bourse/mcphy-energy
647,/fr/vitrine-des-introductions-en-bourse/gaztransport-et-technigaz
648,/en/ipo-showcase/gaztransport-et-technigaz
649,/nl/ipo-showcase/novisource-nv
650,/en/ipo-showcase/crossject
651,/en/ipo-showcase/novisource
652,/fr/vitrine-des-introductions-en-bourse/crossject
653,/en/ipo-showcase/industrial-holding
654,/fr/vitrine-des-introductions-en-bourse/industrial-holding
655,/pt/pasta-ipo/espirito-santo-saude-sgps-sa
656,/en/ipo-showcase/espirito-santo-saude-sgps-sa
657,/en/ipo-showcase/umanis
658,/fr/vitrine-des-introductions-en-bourse/umanis
659,/en/ipo-showcase/altice
660,/nl/ipo-showcase/altice-nl
661,/fr/vitrine-des-introductions-en-bourse/cybergun
662,/en/ipo-showcase/cybergun
663,/en/ipo-showcase/les-toques-blanches-du-monde
664,/fr/vitrine-des-introductions-en-bourse/les-toques-blanches-du-monde
665,/fr/vitrine-des-introductions-en-bourse/neolife
666,/en/ipo-showcase/neolife
667,/en/ipo-showcase/figeac-aero
668,/fr/vitrine-des-introductions-en-bourse/figeac-aero
669,/fr/vitrine-des-introductions-en-bourse/carbios
670,/en/ipo-showcase/carbios
671,/fr/vitrine-des-introductions-en-bourse/qrf
672,/nl/content/qrf
673,/en/ipo-showcase/qrf
674,/pt/pasta-ipo/caixa-economica-montepio-geral
675,/en/ipo-showcase/caixa-economica-montepio-geral
676,/fr/vitrine-des-introductions-en-bourse/entreprendre
677,/en/ipo-showcase/entreprendre
678,/en/ipo-showcase/ctt-correios-de-portugal-sa
679,/pt/pasta-ipo/ctt-correios-de-portugal-sa
680,/en/ipo-showcase/medtech
681,/fr/vitrine-des-introductions-en-bourse/medtech
682,/en/ipo-showcase/implanet
683,/fr/vitrine-des-introductions-en-bourse/implanet
684,/fr/vitrine-des-introductions-en-bourse/viohalco
685,/en/ipo-showcase/tarkett
686,/nl/ipo-showcase/viohalco-nl
687,/en/ipo-showcase/viohalco
688,/fr/vitrine-des-introductions-en-bourse/tarkett
689,/fr/vitrine-des-introductions-en-bourse/eon-motors-group
690,/en/ipo-showcase/eon-motors-group
691,/en/ipo-showcase/roctool
692,/fr/vitrine-des-introductions-en-bourse/roctool
693,/en/ipo-showcase/numericable
694,/fr/vitrine-des-introductions-en-bourse/numericable
695,/fr/actualite-produit/fonciere-vindi
696,/en/ipo-showcase/fonciere-vindi
697,/en/ipo-showcase/blue-solutions
698,/fr/vitrine-des-introductions-en-bourse/blue-solutions
699,/fr/vitrine-des-introductions-en-bourse/mnd
700,/en/ipo-showcase/mnd
701,/nl/ipo-showcase/btg-pactual-nl
702,/en/ipo-showcase/btg-pactual
703,/en/ipo-showcase/delfingen-industry
704,/pt/node/119792
705,/fr/vitrine-des-introductions-en-bourse/delfingen-industry
706,/nl/node/119792
707,/en/ipo-showcase/medical-device-works
708,/fr/vitrine-des-introductions-en-bourse/medical-device-works
709,/fr/vitrine-des-introductions-en-bourse/realites
710,/en/ipo-showcase/realites
711,/fr/vitrine-des-introductions-en-bourse/cardio3-biosciences
712,/en/ipo-showcase/orege
713,/nl/ipo-showcase/cardio3-biosciences-nl
714,/en/ipo-showcase/cardio3-biosciences
715,/fr/vitrine-des-introductions-en-bourse/orege
716,/en/ipo-showcase/norbert-dentressangle
717,/en/ipo-showcase/delta-drone
718,/fr/vitrine-des-introductions-en-bourse/delta-drone
719,/en/ipo-showcase/global-ecopower
720,/fr/vitrine-des-introductions-en-bourse/global-ecopower
721,/nl/ipo-showcase/bpost-nl
722,/en/ipo-showcase/bpost
723,/fr/vitrine-des-introductions-en-bourse/bpost
724,/en/ipo-showcase/groupe-fnac
725,/fr/vitrine-des-introductions-en-bourse/groupe-fnac
726,/fr/vitrine-des-introductions-en-bourse/bioamber
727,/en/ipo-showcase/bioamber
728,/pt/pasta-ipo/nexponor
729,/en/ipo-showcase/nexponor
730,/fr/vitrine-des-introductions-en-bourse/nexponor
731,/fr/vitrine-des-introductions-en-bourse/constellium
732,/en/ipo-showcase/constellium
733,/en/ipo-showcase/mfi-condor
734,/en/ipo-showcase/ymagis
735,/en/ipo-showcase/erytech-pharma
736,/fr/vitrine-des-introductions-en-bourse/ymagis
737,/fr/vitrine-des-introductions-en-bourse/erytech-pharma
738,/fr/vitrine-des-introductions-en-bourse/ekinops
739,/en/ipo-showcase/ekinops
740,/en/ipo-showcase/spineguard
741,/fr/vitrine-des-introductions-en-bourse/spineguard
742,/fr/vitrine-des-introductions-en-bourse/novaday
743,/en/ipo-showcase/novaday
744,/en/ipo-showcase/gemalto
745,/en/ipo-showcase/eli-lilly-and-company
746,/fr/vitrine-des-introductions-en-bourse/eli-lilly-and-company
747,/en/ipo-showcase/jane-france
748,/en/ipo-showcase/anatevka
749,/fr/vitrine-des-introductions-en-bourse/jane-france
750,/fr/vitrine-des-introductions-en-bourse/anatevka
751,/en/ipo-showcase/dynex-energy
752,/fr/vitrine-des-introductions-en-bourse/dynex-energy
753,/fr/vitrine-des-introductions-en-bourse/collectors
754,/fr/vitrine-des-introductions-en-bourse/infosys-limited
755,/en/ipo-showcase/collectors
756,/en/ipo-showcase/infosys-limited
757,/en/ipo-showcase/spineway
758,/fr/vitrine-des-introductions-en-bourse/spineway
759,/en/ipo-showcase/amatheon-agri
760,/fr/vitrine-des-introductions-en-bourse/amatheon-agri
761,/en/ipo-showcase/oci-nv
762,/fr/vitrine-des-introductions-en-bourse/oci-nv
763,/en/ipo-showcase/delta-lloyd
764,/fr/vitrine-des-introductions-en-bourse/login-people
765,/en/ipo-showcase/login-people
766,/en/ipo-showcase/deauville-diamond-properties
767,/fr/vitrine-des-introductions-en-bourse/deauville-diamond-properties
768,/en/ipo-showcase/concept-et-tradition
769,/fr/vitrine-des-introductions-en-bourse/concept-et-tradition
770,/fr/vitrine-des-introduction-en-bourse/banif
771,/pt/pasta-ipo/banif-banco-internacional-do-funchal
772,/en/ipo-showcase/banif-banco-internacional-do-funchal
773,/en/ipo-showcase/abbvie
774,/fr/vitrine-des-introductions-en-bourse/abbvie
775,/en/ipo-showcase/infoclip
776,/fr/vitrine-des-introductions-en-bourse/infoclip
777,/fr/vitrine-des-introductions-en-bourse/eo2
778,/en/ipo-showcase/eo2
779,/en/ipo-showcase/theradiag
780,/fr/vitrine-des-introductions-en-bourse/theradiag
781,/en/content/socrep
782,/fr/content/socrep
783,/en/content/mediocredito-europeo-spa
784,/fr/content/mediocredito-europeo-spa
785,/fr/vitrine-des-introductions-en-bourse/afrique-telecom
786,/en/ipo-showcase/afrique-telecom
787,/fr/vitrine-des-introductions-en-bourse/activium-group
788,/en/ipo-showcase/activium-group
789,/en/ipo-showcase/nanobiotix
790,/fr/vitrine-des-introductions-en-bourse/nanobiotix
791,/en/content/novacyt
792,/fr/content/novacyt
793,/en/content/sopheon
794,/nl/content/sopheon
795,/nl/content/rougier-sa
796,/en/content/rougier-sa
797,/fr/content/rougier-sa
798,/en/content/hiolle-industries-0
799,/fr/content/hiolle-industries
800,/en/content/groupe-eurotunnel-sa
801,/en/content/az-leasing-0
802,/fr/content/methanor-fr
803,/en/content/methanor
804,/fr/content/safti-groupe
805,/en/content/safti-groupe
806,/en/content/isa-intelligent-sensing-anywhere-sa
807,/pt/content/isa-intelligent-sensing-anywhere-sa
808,/en/content/de-master-blenders-1753-nv
809,/nl/content/de-master-blenders-1753-nv
810,/en/content/chemtura-corporation
811,/fr/content/chemtura-corporation
812,/fr/content/tpsh
813,/en/content/tpsh
814,/fr/content/core-laboratories-nv
815,/en/content/core-laboratories-nv
816,/en/content/vexim
817,/fr/content/vexim
818,/en/content/btg-pactual
819,/nl/content/btg-pactual
820,/en/content/id-logistics
821,/fr/content/id-logistics
822,/en/content/gold-gold
823,/fr/content/gold-gold
824,/fr/content/dbv-technologies
825,/en/content/dbv-technologies
826,/en/content/ziggo
827,/nl/content/ziggo
828,/fr/content/mobile-network-group-2012-FR
829,/en/content/mobile-network-group-2012
830,/en/content/antipodes-voyages
831,/fr/content/antipodes-voyages
832,/en/content/bluelinea
833,/fr/content/bluelinea
834,/en/content/intrasense
835,/fr/content/intrasense
836,/en/content/adocia
837,/fr/content/inside-secure
838,/fr/content/adocia
839,/en/content/inside-secure
840,/fr/content/eos-imaging
841,/en/content/eos-imaging
842,/en/content/solvay-sa
843,/fr/content/solvay-sa
844,/fr/content/cbo-territoria
845,/en/content/gal%C3%A9o-concept
846,/en/content/cbo-territoria-0
847,/en/content/relaxnews
848,/en/content/softimat
849,/en/content/maurel-prom-nigeria
850,/en/content/nova%C3%A9-technologies
851,/en/content/andrew-macallister
852,/en/content/biowind-group
853,/en/content/cogra-48
854,/en/content/ebizcusscom-0
855,/en/content/petro-ivoire
856,/en/content/onlineformapro
857,/en/content/money-express
858,/en/content/cofidur
859,/en/content/solving-efeso-international
860,/en/content/siparex-croissance
861,/en/content/groupe-guillin
862,/en/content/damartex
863,/en/content/bricorama-0
864,/en/content/successfactors-inc
865,/en/content/bernard-loiseau
866,/en/content/bd-multim%C3%A9dia
867,/en/content/a2micile-europe-0
868,/en/content/phenix-systems
869,/en/content/tuto4pccom-group
870,/en/content/ucar
871,/en/content/visiomed-group
872,/en/content/mauna-kea-technologies
873,/en/content/moviken
874,/en/content/leadmedia-group
875,/en/content/gevelot
876,/en/content/hexcel-corporation
877,/en/content/axway-software
878,/en/content/settlements-sa
879,/en/content/global-bioenergies
880,/en/content/akd
881,/en/content/areva
882,/en/content/eurinnov
883,/en/content/tnt-express
884,/en/content/coca-cola-enterprises-inc
885,/en/content/median-technologies
886,/en/content/concoursmania
887,/en/content/silc
888,/en/content/pairi-daiza
889,/en/content/united-anodisers
890,/en/content/c%C3%A9sar
891,/en/content/travel-technology-interactive
892,/en/content/abn-amro-bank-nv
893,/en/content/mobile-network-group
894,/en/content/moulinvest
895,/en/content/intereffekt-brazil-warrants
896,/en/content/solabios
897,/en/content/biosynex
898,/fr/node/119650
899,/en/content/velcan-energy
900,/fr/node/119649
901,/fr/content/groupe-jemini
902,/en/content/groupe-jemini
903,/fr/node/119647
904,/en/content/sts-group-0
905,/en/content/nibc-bank-nv
906,/en/content/a2micile-europe
907,/fr/node/119646
908,/en/content/tekka-group
909,/fr/node/119645
910,/en/content/accsys
911,/en/content/aperam
912,/en/content/aperam-0
913,/fr/node/119643
914,/en/content/scemi
915,/en/content/phenixcom
916,/fr/content/phenixcom
917,/en/content/consult-voyages
918,/fr/node/119641
919,/en/content/firstcaution
920,/fr/node/119640
921,/fr/node/119639
922,/en/content/toreador-resources-corporation
923,/fr/node/119638
924,/en/content/mnr-group
925,/en/content/orceo-environnement
926,/fr/node/119637
927,/en/content/friendsclear
928,/fr/node/119636
929,/en/content/txcom-2010
930,/fr/node/119635
931,/fr/node/119634
932,/en/content/frigistar-industries
933,/fr/node/119628
934,/en/content/siraga
935,/fr/node/119633
936,/en/content/piscines-desjoyaux
937,/en/content/colipays
938,/fr/node/119632
939,/en/content/tr-services
940,/en/content/dockwise
941,/fr/node/119631
942,/en/content/schobrunn-paris
943,/en/content/ioc-holding
944,/fr/content/stentys
945,/en/content/stentys
946,/en/ipo-showcase/watsco-0
947,/fr/content/watsco-0
948,/en/content/energie-europe-service-ees
949,/fr/content/energie-europe-service-ees
950,/en/content/sla-creation
951,/fr/content/sla-creation
952,/en/content/amt-holding
953,/fr/node/119614
954,/en/content/oim
955,/en/content/sts-group
956,/en/content/editions-granada
957,/en/content/gp-lucien-barriere
958,/fr/node/119619
959,/fr/content/editions-granada
960,/en/content/ada
961,/fr/content/ada
962,/fr/content/lv4s
963,/en/content/lv4s
964,/fr/content/prowebce-0
965,/en/content/prowebce-0
966,/fr/content/hotel-regina-paris
967,/en/content/hotel-regina-paris
968,/fr/content/polygone
969,/nl/content/polygone
970,/en/content/polygone
971,/fr/node/119611
972,/en/content/esker
973,/en/content/teixeira-duarte
974,/en/content/acces-industrie
975,/fr/content/acces-industrie
976,/en/content/lbi-international
977,/en/content/acropolis-telecom-0
978,/fr/node/119556
979,/en/content/artsnet
980,/fr/content/artsnet
981,/en/content/idsud
982,/fr/content/idsud
983,/en/content/novagali-pharma
984,/fr/content/novagali-pharma
985,/en/content/tendances-eco-group
986,/en/content/leaderlease
987,/fr/content/leaderlease
988,/en/content/wedia
989,/fr/content/wedia
990,/fr/content/groupe-caspera
991,/en/content/groupe-caspera
992,/fr/content/carmat
993,/en/content/carmat
994,/en/ipo-showcase/edenred
995,/fr/ipo-showcase/edenred
996,/en/content/weka-entertainment
997,/fr/node/119325
998,/en/content/poujoulat
999,/fr/content/poujoulat
1000,/fr/content/integragen
1001,/en/content/integragen
1002,/fr/content/gaussin-0
1003,/en/content/gaussin
1004,/en/content/lets-gowex
1005,/fr/content/lets-gowex
1006,/en/ipo-showcase/solutions-30
1007,/fr/ipo-showcase/solutions-30
1008,/fr/node/119000
1009,/en/content/beni-stabili
1010,/fr/content/sical
1011,/en/content/sical
1012,/en/content/allo-finance
1013,/fr/content/allo-finance
1014,/en/content/otor
1015,/en/content/ic-telecom
1016,/fr/content/otor
1017,/fr/content/ic-telecom-0
1018,/en/content/pharming-group
1019,/fr/node/119021
1020,/en/content/knight-capital-group-inc
1021,/en/content/custom-solutions
1022,/fr/node/119023
1023,/fr/content/ales-groupe
1024,/en/content/ales-groupe
1025,/fr/content/treasure-mine
1026,/en/content/treasure-mine
1027,/fr/node/119038
1028,/en/content/keyyo
1029,/en/content/airkit
1030,/en/content/photonike
1031,/fr/content/airkit
1032,/fr/content/photonike
1033,/fr/content/deinove
1034,/en/content/ab-science
1035,/fr/node/119050
1036,/en/content/deinove
1037,/fr/content/neovacs
1038,/en/content/neovacs
1039,/en/content/agfeed
1040,/fr/content/agfeed
1041,/en/content/it-solutions
1042,/fr/content/it-solutions
1043,/fr/content/sianli
1044,/en/content/sianli
1045,/fr/content/cerep
1046,/en/content/hk-wusejie-group
1047,/fr/content/hk-wusejie-group
1048,/en/content/cerep
1049,/fr/content/merci-plus-groupe
1050,/en/content/merci-plus-groupe
1051,/en/content/ablynx-d-0
1052,/en/content/bionersis
1053,/en/content/octoplus-2010
1054,/fr/content/bionersis
1055,/en/content/fudakin
1056,/fr/content/fudakin
1057,/fr/content/agrogeneration
1058,/en/content/agrogeneration
1059,/en/content/nr-nordic-russia
1060,/en/content/nr-nordic-russia-1
1061,/fr/content/krief-group
1062,/en/content/krief-group
1063,/fr/content/medica
1064,/en/content/medica
1065,/fr/content/makheia-group
1066,/en/content/makheia-group
1067,/en/content/accsys-0
1068,/en/content/rentabiliweb-d-0
1069,/en/content/eurasia-groupe
1070,/fr/content/eurasia-groupe
1071,/en/content/gds-s-rusal
1072,/en/content/videofutur
1073,/en/content/china-mowin
1074,/en/content/marseille-rugby
1075,/en/content/sica-invest-d
1076,/fr/node/118993
1077,/nl/content/sica-invest-d
1078,/en/content/catala
1079,/fr/node/118995
1080,/nl/content/catala
1081,/en/content/innoconcepts-0
1082,/en/content/innoconcepts
1083,/en/content/partnerre-ltd
1084,/fr/node/118997
1085,/en/content/dockwise-0
1086,/en/content/cfao
1087,/fr/node/119001
1088,/en/content/magillem
1089,/fr/node/119002
1090,/en/content/reworld
1091,/fr/node/119003
1092,/en/content/new-star-worldwide
1093,/fr/node/119006
1094,/fr/node/119005
1095,/en/content/poiray
1096,/en/content/thunderbird-1
1097,/en/content/thunderbird
1098,/en/content/weya
1099,/fr/node/119007
1100,/fr/node/119009
1101,/en/content/mayinlay-jewellery
1102,/en/content/cryo-save-group
1103,/en/content/weatherford
1104,/fr/node/119013
1105,/nl/content/aquafin429sep15
1106,/en/content/aquafin429sep15
1107,/fr/node/119014
1108,/en/content/green-energy-ge4s
1109,/fr/node/119016
1110,/en/content/atrium-eur-realest
1111,/en/content/plant-advanced-t
1112,/fr/node/119018
1113,/en/content/bioquanta
1114,/fr/node/119020
1115,/fr/node/119022
1116,/en/content/caire
1117,/en/content/quantum-genomics
1118,/en/content/bok-holdings
1119,/fr/node/119025
1120,/fr/node/119024
1121,/fr/node/119026
1122,/en/content/acep-france
1123,/fr/node/119027
1124,/en/content/europlasma
1125,/en/content/ipernityorg
1126,/fr/node/119028
1127,/en/content/debflex
1128,/fr/node/119029
1129,/en/content/crosslog
1130,/fr/node/119033
1131,/en/content/m2i
1132,/fr/node/119031
1133,/fr/node/119030
1134,/en/content/orkideus
1135,/en/content/sapmer
1136,/fr/node/119034
1137,/en/content/vanexport
1138,/fr/node/119035
1139,/en/content/tomtom
1140,/en/content/arthur-maury
1141,/fr/node/119036
1142,/fr/node/119037
1143,/en/content/groupe-rivalis
1144,/en/content/tomtom-0
1145,/en/content/octoplus-2009
1146,/en/content/solabios-0
1147,/fr/node/119039
1148,/en/content/yangden-solar
1149,/fr/node/119040
1150,/fr/node/119042
1151,/en/content/cliffs
1152,/fr/node/119043
1153,/nl/content/auriga-intern-d
1154,/en/content/auriga-intern-d
1155,/fr/node/119044
1156,/en/content/cecuritycom
1157,/nl/node/119048
1158,/en/content/rentabiliweb-d
1159,/en/content/woogroup
1160,/fr/node/119048
1161,/fr/node/119049
1162,/en/content/kertel
1163,/fr/node/119185
1164,/en/content/txcom
1165,/fr/node/119051
1166,/fr/node/119052
1167,/en/content/trans-consult-intl
1168,/fr/node/119053
1169,/en/content/toolux-sanding
1170,/en/content/infosat
1171,/fr/node/119054
1172,/fr/node/119607
1173,/en/content/fronciere-sepric
1174,/en/content/fonciere-sepric
1175,/en/content/organics
1176,/en/content/oragenics
1177,/fr/node/119608
1178,/nl/content/antigoon-inv-d
1179,/en/content/antigoon-inv-d
1180,/fr/node/119060
1181,/fr/node/119062
1182,/en/content/ecolutions
1183,/en/content/acropolis-telecom
1184,/en/content/abc-orthodontics
1185,/fr/node/119065
1186,/fr/node/119063
1187,/fr/node/119066
1188,/en/content/jsa-technology
1189,/en/content/haiguan
1190,/fr/node/119068
1191,/en/content/aerowatt
1192,/fr/content/aerowatt-0
1193,/en/content/thunderbird-0
1194,/en/content/ascencio-d
1195,/fr/node/119072
1196,/en/content/china-forest
1197,/fr/node/119076
1198,/en/content/befimmo-sicafi
1199,/fr/node/119097
1200,/nl/content/5eme-saison-d
1201,/en/content/5eme-saison-d
1202,/fr/node/119098
1203,/en/content/great-leisure
1204,/fr/node/119099
1205,/en/content/porceleyne-fles
1206,/en/content/agrivolt
1207,/fr/node/119100
1208,/en/content/thenergo-d-2
1209,/fr/node/119102
1210,/fr/node/119316
1211,/en/content/thenergo-d
1212,/fr/node/119103
1213,/en/content/asia-mining
1214,/en/content/cnpv
1215,/fr/node/119107
1216,/fr/node/119105
1217,/en/content/social-media-group
1218,/fr/node/119108
1219,/en/content/motocab
1220,/fr/node/119110
1221,/en/content/smalto
1222,/en/content/mtd-finance
1223,/fr/node/119111
1224,/fr/node/119114
1225,/fr/node/119113
1226,/en/content/vopium
1227,/en/content/right-people
1228,/fr/node/119116
1229,/en/content/onemedia-france
1230,/en/content/gdf-suez
1231,/fr/node/119123
1232,/fr/node/119120
1233,/fr/node/119117
1234,/nl/node/119120
1235,/en/content/suez-environnement
1236,/nl/node/119117
1237,/en/content/suez-environnement-2
1238,/en/content/mighty-troglodytes
1239,/nl/content/bsb-d
1240,/en/content/germany1-acq
1241,/fr/node/119129
1242,/en/content/bsb-d
1243,/en/content/companhia-vale-do-rio-doce
1244,/fr/node/119124
1245,/fr/node/119126
1246,/fr/node/119131
1247,/nl/content/fng-group-d
1248,/en/content/fng-group-d
1249,/fr/node/119132
1250,/en/content/mp6
1251,/pt/node/119133
1252,/en/content/frama
1253,/fr/node/119135
1254,/nl/node/119136
1255,/en/content/immo-moury-d
1256,/en/content/aonox
1257,/fr/node/119136
1258,/en/content/hanzevast-cs-1-d
1259,/fr/node/119141
1260,/en/content/cofinimmo-sicafi
1261,/fr/node/119139
1262,/fr/node/119138
1263,/en/content/thannberger-et-cie
1264,/fr/node/119142
1265,/en/content/sebdo-enr
1266,/fr/node/119143
1267,/nl/content/4energy-inv-d
1268,/en/content/4energy-inv-d
1269,/fr/node/119145
1270,/en/content/ipsogen
1271,/en/content/safetic
1272,/nl/content/tetrys-d
1273,/en/content/tetrys-d
1274,/fr/content/safetic-0
1275,/fr/node/119149
1276,/fr/node/119150
1277,/en/content/toutabo
1278,/en/content/facilasol-group
1279,/fr/node/119152
1280,/en/ipo-showcase/edp-renovaveis
1281,/pt/ipo-showcase/edp-renovaveis
1282,/fr/node/119157
1283,/fr/node/119154
1284,/en/content/referencementcom
1285,/en/content/itss
1286,/fr/node/119158
1287,/en/content/proventec
1288,/nl/content/flexos-d
1289,/en/content/flexos-d
1290,/fr/node/119160
1291,/en/content/orege
1292,/fr/node/119161
1293,/en/content/anheuser-busch
1294,/fr/node/119162
1295,/en/content/roy-bk-scotland
1296,/en/content/huacheng
1297,/fr/node/119163
1298,/fr/node/119164
1299,/en/content/intereff-em-africa
1300,/en/content/philip-morris-intl
1301,/en/content/frey
1302,/fr/node/119166
1303,/en/content/opti-time
1304,/en/content/china-corn-oil
1305,/fr/node/119172
1306,/fr/node/119171
1307,/fr/node/119167
1308,/en/content/roctool
1309,/en/content/brookfield-asset-m
1310,/en/content/mobilegov
1311,/fr/node/119175
1312,/en/content/china-super-power
1313,/fr/node/119177
1314,/en/content/liberty-acq
1315,/pt/ipo-showcase/sonae-capital
1316,/fr/node/119183
1317,/fr/node/119182
1318,/nl/content/rv-assurance-d
1319,/en/content/rv-assurance-d
1320,/en/content/elpi
1321,/fr/node/119184
1322,/nl/content/fixinox-d
1323,/en/content/fixinox-d
1324,/en/content/satyam-computer-services-adr
1325,/en/content/world-art-net
1326,/fr/node/119187
1327,/fr/node/119189
1328,/en/content/car-telematics
1329,/fr/node/119191
1330,/nl/content/cobrha-d
1331,/en/content/cobrha-d
1332,/fr/node/119086
1333,/en/content/banimmo-d
1334,/fr/node/119087
1335,/en/content/vision-it-d
1336,/nl/content/vision-it-d
1337,/en/content/prometis
1338,/fr/node/119092
1339,/en/content/vision-it-d-0
1340,/en/content/easy-therm
1341,/fr/node/119091
1342,/en/content/cortix
1343,/fr/node/119090
1344,/fr/node/119320
1345,/fr/node/119089
1346,/en/content/smartquantum
1347,/fr/node/119088
1348,/en/content/simat
1349,/en/content/ventos
1350,/fr/node/119093
1351,/en/content/astellia
1352,/fr/node/119095
1353,/en/content/punch-graphix
1354,/en/content/punch-graphix-0
1355,/en/content/nr-nordic-russia-0
1356,/en/content/hybrigenics
1357,/fr/content/hybrigenics
1358,/en/content/conporec
1359,/fr/node/119104
1360,/en/content/monceau-fleurs
1361,/nl/content/vgp
1362,/fr/content/monceau-fleurs
1363,/en/content/vgp
1364,/fr/node/119109
1365,/en/content/harbourvest-hvgpe
1366,/en/content/movetis-d
1367,/fr/node/118998
1368,/nl/content/movetis-d
1369,/en/content/octoplus-1
1370,/en/content/octoplus
1371,/en/content/mindscape
1372,/en/content/arpadis-group-d
1373,/fr/node/119118
1374,/fr/node/119115
1375,/en/content/binckbank
1376,/en/content/binckbank-0
1377,/en/content/mei-rusland-mid-fo
1378,/en/content/vestasia-limited
1379,/fr/node/119094
1380,/en/content/fashion-b-air
1381,/en/content/strategeco-solar
1382,/fr/node/119119
1383,/fr/node/119121
1384,/fr/node/119122
1385,/en/content/streamwide
1386,/fr/node/119125
1387,/en/content/eavs
1388,/fr/node/119128
1389,/nl/content/ablynx-d
1390,/en/content/ablynx-d
1391,/en/content/delta-lloyd
1392,/fr/node/119130
1393,/en/content/bike-expand
1394,/nl/content/nyrstar-d
1395,/en/content/nyrstar-d
1396,/fr/content/nyrstar-d
1397,/fr/node/119137
1398,/en/content/groupe-plus-values
1399,/en/content/chamarre
1400,/fr/content/i2s
1401,/fr/node/119140
1402,/en/content/i2s
1403,/en/content/bureau-veritas
1404,/fr/node/119146
1405,/en/content/yatra
1406,/en/content/roy-bk-scotland-0
1407,/en/content/voxan-sccm
1408,/fr/node/119151
1409,/fr/node/119155
1410,/en/content/arseus-d-amsterdam
1411,/nl/content/arseus-d
1412,/en/content/arseus-d
1413,/fr/node/119156
1414,/en/content/metalliance
1415,/fr/node/119159
1416,/en/content/arion-entreprise
1417,/fr/node/119165
1418,/en/content/unika-groupe
1419,/en/content/accsys-1
1420,/en/content/easson-telecom
1421,/fr/node/119169
1422,/en/content/trsb-groupe
1423,/en/content/cards
1424,/fr/node/119174
1425,/fr/node/119170
1426,/en/content/arcelormittal-3
1427,/nl/content/arcelormittal2
1428,/en/content/arcelormittal2
1429,/fr/node/119181
1430,/en/content/arcelormittal-0
1431,/fr/content/arcelormittal2
1432,/en/content/maisons-daujourdhui
1433,/fr/node/119188
1434,/fr/node/119190
1435,/en/content/lionax
1436,/en/content/univar
1437,/fr/node/119192
1438,/en/content/golog
1439,/en/content/trailor-actm-int-ipo
1440,/fr/node/119195
1441,/fr/node/119197
1442,/en/content/goadv
1443,/en/content/fmb-aquapole
1444,/fr/content/fmb-aquapole
1445,/fr/node/119202
1446,/en/content/televista
1447,/en/content/happydoo
1448,/en/content/acheter-louerfr
1449,/fr/node/119206
1450,/fr/node/119205
1451,/en/content/pehac
1452,/en/content/easy-field-services
1453,/fr/node/119210
1454,/en/content/punch-technix
1455,/en/content/nb-priv-eq-partn
1456,/en/content/yatra-1
1457,/fr/node/119217
1458,/en/content/groupimo
1459,/en/content/paris-re
1460,/en/content/arkoon
1461,/fr/node/119224
1462,/fr/node/119220
1463,/en/content/leo-capital-growth
1464,/en/ipo-showcase/amg
1465,/en/content/logic-instrument
1466,/en/content/solia
1467,/en/content/cervin-enr
1468,/fr/node/119229
1469,/fr/node/119231
1470,/fr/node/119226
1471,/pt/content/ren
1472,/en/content/bionersis2007
1473,/en/content/ati-petroleum
1474,/en/content/stradim-espacfin
1475,/fr/node/119236
1476,/fr/node/119235
1477,/fr/node/119240
1478,/en/content/europacorp
1479,/en/content/zeta-biotech
1480,/fr/node/119242
1481,/fr/node/119244
1482,/en/content/carlyle-capital
1483,/fr/node/119257
1484,/fr/node/119254
1485,/fr/node/119253
1486,/en/content/geci-aviation
1487,/en/content/foster-wheeler
1488,/en/content/auplata
1489,/en/content/conversus-cap
1490,/en/content/vivalis
1491,/fr/node/119262
1492,/en/content/orolia
1493,/fr/content/fountaine-pajot
1494,/fr/node/119201
1495,/en/content/triodos-vastgoed
1496,/en/content/fountaine-pajot
1497,/en/content/sns-reaal-1
1498,/fr/node/119267
1499,/en/content/sns-reaal
1500,/en/content/banimmo-d-0
1501,/pt/content/martifer
1502,/en/content/qurius-0
1503,/en/content/unibail-rodamco
1504,/en/content/qurius
1505,/en/content/amt-holding-0
1506,/en/content/financier-croi-inv
1507,/en/content/argan
1508,/fr/node/119276
1509,/fr/node/119274
1510,/fr/node/119277
1511,/en/content/inventoriste-0
1512,/fr/node/119278
1513,/en/content/finaxo
1514,/en/content/ecodis-d
1515,/fr/node/119279
1516,/en/content/thenergo
1517,/fr/node/119281
1518,/en/content/crcam-brie-pic2cci
1519,/fr/node/119282
1520,/fr/node/119610
1521,/en/content/transics-int
1522,/en/content/samas-nv
1523,/en/content/homair
1524,/fr/node/119284
1525,/fr/node/119283
1526,/en/content/vergnet
1527,/en/content/ic-telecom-0
1528,/fr/node/119280
1529,/en/content/demos
1530,/fr/node/119275
1531,/fr/node/119271
1532,/fr/node/119273
1533,/nl/content/eryplast-d
1534,/en/content/eryplast-d
1535,/en/content/eo2
1536,/en/content/caneo
1537,/fr/node/119272
1538,/fr/node/119265
1539,/fr/node/119266
1540,/fr/node/119269
1541,/nl/content/mcls-d
1542,/en/content/mcls-d
1543,/nl/content/alfacam-group
1544,/en/content/crcam-langued-cci
1545,/en/content/alfacam-group
1546,/en/content/batla-minerals
1547,/en/content/yin-partners
1548,/fr/node/119263
1549,/en/content/banco-bpi
1550,/pt/content/banco-bpi
1551,/en/content/genoway
1552,/fr/node/119261
1553,/fr/node/119260
1554,/en/content/richel-serres-france
1555,/en/content/dl-software
1556,/fr/node/119258
1557,/nl/content/oxbridge
1558,/en/content/oxbridge
1559,/fr/node/119256
1560,/fr/node/119255
1561,/en/content/adthink-media
1562,/fr/node/119251
1563,/en/content/cheops-technology
1564,/en/content/nedschroef-kon
1565,/en/content/sinclair-pharma
1566,/fr/node/119250
1567,/fr/node/119249
1568,/en/content/tetragon-fin-group
1569,/en/content/hiolle-industries
1570,/nl/content/sv-patrimonia
1571,/en/content/sv-patrimonia
1572,/fr/node/119247
1573,/fr/node/119246
1574,/en/content/dolphin-integration
1575,/fr/node/119245
1576,/en/content/traqueur
1577,/en/content/metabolic-explorer
1578,/fr/node/119243
1579,/fr/node/119241
1580,/nl/content/ice-concept-d
1581,/en/content/ice-concept-d
1582,/fr/node/119239
1583,/fr/node/119238
1584,/en/content/nyse-euronext
1585,/en/content/rexel
1586,/fr/node/119237
1587,/en/content/eurogerm
1588,/en/content/brossard
1589,/fr/node/119234
1590,/fr/node/119233
1591,/fr/node/119232
1592,/en/content/dreamnex
1593,/en/content/referencementcom-2
1594,/fr/node/119228
1595,/fr/content/air-energy-wi
1596,/nl/content/tigenix-d
1597,/nl/content/air-energy-wi
1598,/en/content/tigenix-d
1599,/en/content/air-energy-wi
1600,/en/content/adenclassifieds
1601,/fr/node/119227
1602,/en/content/seagull
1603,/en/content/antonov
1604,/en/content/outremer-telecom
1605,/fr/node/119223
1606,/en/content/fonciere-6-et-7
1607,/fr/node/119222
1608,/en/content/notrefamillecom
1609,/fr/node/119219
1610,/en/content/affiparis-0
1611,/fr/node/119218
1612,/fr/node/119216
1613,/en/content/smbg
1614,/en/content/mon-plus-beau-jour
1615,/fr/node/119215
1616,/en/content/versatel
1617,/nl/content/ascencio-d
1618,/en/content/ascencio-d-0
1619,/fr/node/119213
1620,/en/content/ol-groupe
1621,/fr/node/119211
1622,/fr/node/119208
1623,/en/content/cellectis
1624,/fr/node/119209
1625,/en/content/antevenio
1626,/en/content/entreparticuliers
1627,/fr/node/119207
1628,/en/content/auto-escape
1629,/fr/node/119204
1630,/en/content/eriks
1631,/fr/node/119203
1632,/en/content/h2o-innovation
1633,/fr/node/119200
1634,/en/content/nexeya
1635,/fr/node/119198
1636,/en/content/novalia-francegines
1637,/en/content/dietswell
1638,/en/content/vdi-group
1639,/fr/content/dietswell
1640,/fr/node/119194
1641,/fr/node/119193
1642,/en/content/optimark
1643,/en/content/montea-cva
1644,/fr/node/119609
1645,/fr/node/119336
1646,/fr/node/119335
1647,/en/content/avenir-numerics
1648,/en/content/algos-network
1649,/en/content/genfit
1650,/fr/node/119338
1651,/en/content/terreis
1652,/fr/content/terreis
1653,/fr/node/119342
1654,/fr/node/119341
1655,/en/content/volta-finance
1656,/en/content/efront
1657,/en/content/auplata-0
1658,/fr/content/dlsi
1659,/en/content/segro-plc
1660,/en/content/dlsi
1661,/fr/node/119348
1662,/nl/content/metris
1663,/en/content/groupe-vial
1664,/en/content/metris
1665,/fr/node/119349
1666,/fr/node/119352
1667,/en/content/mw-tops
1668,/en/content/fonciere-inea
1669,/fr/node/119360
1670,/fr/node/119354
1671,/en/content/klemurs
1672,/en/content/yatra-0
1673,/en/content/rentabiliweb-d-1
1674,/en/content/natixis
1675,/fr/node/119362
1676,/fr/node/119361
1677,/en/content/turenne-inv
1678,/fr/content/turenne-inv
1679,/fr/content/selogercom
1680,/en/content/selogercom
1681,/fr/content/groupe-promeo-0
1682,/en/content/punch-telematixd
1683,/en/content/octo-technology
1684,/fr/content/punch-telematixd
1685,/en/ipo-showcase/groupe-promeo
1686,/fr/content/octo-technology
1687,/nl/content/punch-telematixd
1688,/en/content/edf-energies-nouv
1689,/fr/content/edf-energies-nouv
1690,/en/content/tmc
1691,/fr/content/trilogiq
1692,/en/content/trilogiq
1693,/en/content/korian
1694,/fr/content/korian
1695,/fr/content/scbsm
1696,/fr/content/hitechpros
1697,/en/content/scbsm
1698,/en/content/hitechpros
1699,/en/content/vetoquinol
1700,/fr/content/vetoquinol
1701,/fr/node/119394
1702,/en/content/lesnxconstructeurs
1703,/en/content/portucel
1704,/pt/content/portucel
1705,/en/content/team-int-mrkt-d
1706,/en/content/aerowatt-0
1707,/fr/node/119401
1708,/fr/node/119399
1709,/fr/content/ab-fenetres-groupe
1710,/en/content/boussard-gavaudan
1711,/en/content/ab-fenetres-groupe
1712,/en/content/innate-pharma
1713,/fr/content/innate-pharma
1714,/en/content/thomas-fleurs
1715,/fr/content/thomas-fleurs
1716,/fr/content/porthus
1717,/nl/content/porthus
1718,/en/content/porthus
1719,/fr/content/ect-industries
1720,/en/content/ect-industries
1721,/en/content/neuf-promesses
1722,/fr/content/neuf-promesses
1723,/en/content/meilleurtaux
1724,/fr/content/meilleurtaux
1725,/fr/content/aedifica
1726,/pt/content/galp-energia-nom
1727,/nl/content/aedifica
1728,/en/content/aedifica
1729,/fr/content/tti
1730,/fr/content/assima
1731,/fr/content/emd-music-d
1732,/fr/node/119424
1733,/nl/content/emd-music-d
1734,/en/content/tti
1735,/en/content/assima
1736,/en/content/emd-music-d
1737,/en/content/montea-cva-0
1738,/en/content/spad
1739,/fr/content/spad
1740,/en/content/budget-telecom
1741,/fr/content/budget-telecom
1742,/en/content/octoplus-0
1743,/en/content/selectirente
1744,/fr/content/selectirente
1745,/fr/content/intertechnselect
1746,/en/content/intertechnselect
1747,/en/content/mousset-cie
1748,/fr/content/mousset-cie
1749,/en/content/prologis-euro-prop
1750,/nl/content/archimede-cie
1751,/en/content/archimede-cie
1752,/fr/content/archimede-cie
1753,/en/content/xiring
1754,/fr/content/xiring
1755,/nl/content/ui-learning-d
1756,/en/content/ui-learning-d
1757,/fr/content/ui-learning-d
1758,/fr/content/pns-0
1759,/nl/content/pns
1760,/en/content/pns
1761,/en/content/ap-alternative-assets-lp
1762,/fr/content/arcelormittal
1763,/en/content/lbi-international-ab
1764,/nl/content/arcelormittal
1765,/en/content/arcelormittal
1766,/en/content/theolia
1767,/fr/content/theolia-0
1768,/fr/content/axis-airways-group
1769,/fr/content/tesfran
1770,/en/content/arcelormittal-2
1771,/en/content/mittal-steel
1772,/fr/content/arcelormittal-2
1773,/en/content/axis-airways-group
1774,/en/content/tesfran
1775,/en/content/uniross
1776,/fr/content/uniross
1777,/en/content/crm-company-group
1778,/en/content/proservia
1779,/fr/content/crm-company-group
1780,/fr/content/proservia
1781,/fr/content/loyaltouch
1782,/en/content/loyaltouch
1783,/fr/content/gaussin
1784,/en/content/gaussin-0
1785,/fr/content/piscines-groupe-ga
1786,/en/content/mgi-digital-graphi
1787,/fr/content/mgi-digital-graphi
1788,/en/content/piscines-groupe-ga
1789,/fr/content/de-rouck-geo-d
1790,/nl/content/de-rouck-geo-d
1791,/en/content/de-rouck-geo-d
1792,/fr/content/thrombogenics
1793,/fr/content/emakina-group-d
1794,/fr/content/voiturescom
1795,/nl/content/thrombogenics
1796,/en/content/voyageurs-du-monde
1797,/nl/content/emakina-group-d
1798,/en/content/thrombogenics
1799,/en/ipo-showcase/emakina-group-d
1800,/en/content/voiturescom
1801,/fr/content/voyageurs-du-monde
1802,/en/content/netbooster
1803,/fr/content/netbooster
1804,/fr/content/prowebce
1805,/en/content/prowebce
1806,/fr/content/siicinvest-promesses
1807,/en/content/siicinvest-promesses
1808,/en/content/ober
1809,/en/content/leguidecom
1810,/fr/content/ober
1811,/fr/content/leguidecom
1812,/fr/content/parrot
1813,/en/content/heurtey-petrochem
1814,/nl/content/oncomethylome-scnc
1815,/en/content/oncomethylome-scnc-0
1816,/en/content/weborama
1817,/fr/content/heurtey-petrochem
1818,/en/content/parrot
1819,/fr/node/119494
1820,/fr/content/weborama
1821,/en/content/oncomethylome-scnc
1822,/en/content/medicrea-internat
1823,/en/content/made
1824,/fr/content/medicrea-internat
1825,/fr/content/made
1826,/fr/content/neotion
1827,/fr/content/aquila
1828,/en/content/neotion
1829,/en/content/aquila
1830,/en/content/normaction
1831,/fr/content/normaction-0
1832,/en/content/adp
1833,/fr/content/evadix
1834,/fr/content/adp
1835,/nl/content/evadix
1836,/en/content/evadix
1837,/en/content/realco
1838,/fr/content/realco
1839,/nl/content/realco
1840,/en/content/jmld-ecologic-group
1841,/fr/content/jmld-ecologic-group
1842,/en/content/sovep
1843,/fr/content/sovep
1844,/en/content/business-expression
1845,/fr/content/cedip-infrared-systems
1846,/fr/content/business-expression
1847,/en/content/cedip-infrared-systems
1848,/fr/content/le-noble-age
1849,/en/content/le-noble-age
1850,/nl/content/pharco-d
1851,/en/content/pharco-d
1852,/fr/content/pharco-d
1853,/fr/content/otc-d
1854,/nl/content/otc-d
1855,/en/content/otc-d
1856,/fr/content/celeos
1857,/en/content/celeos
1858,/fr/content/adverline
1859,/en/content/adverline
1860,/en/content/sns-reaal-0
1861,/en/content/arkema
1862,/fr/node/119515
1863,/fr/node/119517
1864,/en/content/affiparis
1865,/en/content/viapresse
1866,/fr/content/viapresse
1867,/fr/node/119520
1868,/en/content/mastrad
1869,/en/content/voltalia
1870,/en/content/sbt
1871,/en/content/mastrad-0
1872,/fr/node/119522
1873,/fr/node/119521
1874,/en/content/kkr
1875,/fr/node/119524
1876,/en/content/laroche
1877,/en/content/arcoa
1878,/fr/node/119525
1879,/en/content/press-index
1880,/en/content/lamarthe
1881,/fr/node/119527
1882,/fr/node/119526
1883,/nl/content/royalreesink
1884,/en/content/royalreesink
1885,/fr/node/119528
1886,/en/content/icade-promesses
1887,/fr/node/119529
1888,/en/content/come-and-stay
1889,/en/content/prodware
1890,/fr/node/119530
1891,/en/content/modelabs-group
1892,/en/content/legrand
1893,/fr/node/119532
1894,/fr/node/119531
1895,/fr/node/119533
1896,/en/content/optimus
1897,/fr/node/119534
1898,/en/content/ambio-france
1899,/en/content/cegereal
1900,/en/content/amboise-promesses
1901,/fr/node/119536
1902,/fr/node/119535
1903,/en/content/millet-innovation
1904,/fr/node/119537
1905,/fr/node/119538
1906,/en/content/foncier-paris-fran
1907,/fr/node/119539
1908,/en/content/evolis
1909,/fr/node/119540
1910,/en/content/zublin-immobiliere
1911,/nl/content/neuhaus
1912,/en/content/neuhaus
1913,/fr/node/119541
1914,/fr/node/119542
1915,/en/content/safwood
1916,/en/content/maesa
1917,/fr/node/119543
1918,/en/content/enensys
1919,/fr/node/119544
1920,/en/content/emailvision
1921,/fr/node/119545
1922,/fr/node/119547
1923,/fr/node/119546
1924,/en/content/store-electronics
1925,/en/content/1000mercis
1926,/en/content/clasquin
1927,/fr/node/119548
1928,/en/content/banco-popespanol
1929,/pt/content/banco-pop-espanol
1930,/en/content/newsports
1931,/fr/node/119550
1932,/en/content/1855
1933,/fr/content/1855
1934,/fr/node/119551
1935,/en/content/environnement-sa
1936,/fr/node/119552
1937,/en/content/sodiplan-d
1938,/en/content/proximania
1939,/fr/node/119333
1940,/en/content/safetic-0
1941,/fr/node/119502
1942,/fr/node/119340
1943,/nl/content/newton-21-europe
1944,/en/content/o2i
1945,/fr/node/119343
1946,/fr/node/119345
1947,/fr/content/paref
1948,/nl/content/gruno-et-chardin-%E2%80%93-znj
1949,/en/content/gruno-et-chardin-%E2%80%93-znj
1950,/en/content/paref
1951,/en/content/eurocastle-invest
1952,/fr/content/scf-invest
1953,/en/content/solutions-30
1954,/nl/content/scf-invest
1955,/en/content/scf-invest
1956,/fr/node/119351
1957,/en/content/serma-technologies
1958,/fr/content/serma-technologies
1959,/fr/content/vectrane
1960,/en/content/vectrane
1961,/fr/content/newtree-d
1962,/nl/content/newtree-d
1963,/en/content/newtree-d
1964,/en/content/ipsen
1965,/fr/node/119364
1966,/en/content/citefibre
1967,/en/content/eutelsat-communic
1968,/fr/node/119366
1969,/fr/content/eutelsat-communic
1970,/en/content/overlap-groupe
1971,/fr/content/reibel
1972,/fr/node/119373
1973,/nl/content/reibel
1974,/en/content/reibel
1975,/fr/content/zetes-industries
1976,/en/content/endemol
1977,/nl/content/zetes-industries
1978,/en/content/zetes-industries
1979,/en/content/edf
1980,/fr/content/edf
1981,/en/content/tele-atlas
1982,/en/content/exonhit-therapeut
1983,/fr/content/exonhit-therapeut
1984,/en/content/groupe-promeo-0
1985,/fr/content/groupe-promeo
1986,/fr/content/assya-capital
1987,/en/content/assya-capital
1988,/fr/content/sts-group
1989,/en/content/sts-group-1
1990,/en/content/capelli
1991,/fr/content/capelli
1992,/en/content/naseba-group
1993,/fr/content/naseba-group
1994,/en/content/staff-and-line
1995,/fr/content/staff-and-line
1996,/en/content/meetic
1997,/fr/content/meetic
1998,/fr/node/119395
1999,/nl/content/telenet-group
2000,/en/content/telenet-group
2001,/en/content/mercialys
2002,/fr/node/119397
2003,/en/content/velcan-energy-0
2004,/fr/node/119398
2005,/en/content/nextradiotv
2006,/en/content/propharex
2007,/fr/node/119400
2008,/fr/node/119403
2009,/en/content/rue-du-commerce
2010,/fr/node/119406
2011,/fr/node/119405
2012,/en/content/tfj
2013,/en/content/groupe-diwan
2014,/en/content/techniline
2015,/fr/node/119409
2016,/fr/node/119410
2017,/en/content/normaction-0
2018,/fr/node/119413
2019,/en/content/socom
2020,/en/content/boursiercom
2021,/fr/node/119415
2022,/en/content/sporever
2023,/en/content/rackham
2024,/fr/node/119419
2025,/fr/node/119416
2026,/fr/node/119421
2027,/nl/content/proximedia
2028,/en/content/proximedia
2029,/en/content/freelancecom
2030,/fr/node/119423
2031,/en/content/maporama-international
2032,/fr/node/119428
2033,/fr/content/bioalliance-pharma
2034,/en/content/bioalliance-pharma
2035,/fr/content/gpe-group-pizzorno
2036,/en/content/gpe-group-pizzorno
2037,/en/content/gdf-suez-0
2038,/fr/node/119434
2039,/fr/content/gdf-suez
2040,/en/content/sidetrade
2041,/en/content/senior-planet
2042,/fr/node/119435
2043,/en/content/entrepcontracting
2044,/fr/node/119436
2045,/en/content/saft
2046,/en/content/maximiles
2047,/fr/node/119442
2048,/fr/node/119441
2049,/fr/node/119444
2050,/fr/node/119443
2051,/en/content/microwave-vision
2052,/en/content/airox
2053,/fr/node/119451
2054,/en/content/altergaz
2055,/fr/node/119454
2056,/en/content/mg-international
2057,/en/content/harvest
2058,/fr/node/119456
2059,/en/ipo-showcase/adomos
2060,/fr/node/119459
2061,/fr/ipo-showcase/adomos
2062,/nl/content/elia
2063,/en/content/elia
2064,/en/content/devgen
2065,/fr/node/119460
2066,/nl/content/devgen
2067,/en/content/tomtom-1
2068,/en/content/poweo-0
2069,/fr/node/119461
2070,/fr/node/119337
2071,/en/content/marketingroup
2072,/en/content/cbo-territoria
2073,/fr/node/119465
2074,/en/content/caisse-regionale-de-credit-agricole-mutuel-de-la-brie
2075,/fr/node/119466
2076,/en/content/poncin-yachts
2077,/fr/node/119469
2078,/en/content/galapagos-bru
2079,/en/content/galapagos-ams
2080,/fr/node/119471
2081,/nl/content/galapagos-bru
2082,/nl/content/cumerio
2083,/en/content/cumerio
2084,/fr/node/119474
2085,/fr/node/119476
2086,/en/content/akka-technologies
2087,/en/content/olmix
2088,/fr/node/119478
2089,/fr/content/rhj-international
2090,/nl/content/rhj-international
2091,/en/content/rhj-international
2092,/en/content/sanef
2093,/fr/node/119480
2094,/pt/content/altri-sgps
2095,/en/content/altri-sgps
2096,/fr/content/cafom
2097,/en/content/cafom
2098,/en/content/euroland-finance
2099,/fr/node/119487
2100,/en/content/corio
2101,/fr/node/119560
2102,/fr/node/119559
2103,/en/content/financial
2104,/fr/node/119561
2105,/en/content/vastned-retail
2106,/en/ipo-showcase/wdp-sicafi
2107,/fr/node/119562
2108,/en/content/piscinelle
2109,/fr/node/119563
2110,/en/content/index-multimedia
2111,/fr/node/119565
2112,/fr/content/index-multimedia
2113,/en/content/maroc-telecom
2114,/fr/content/aprr
2115,/en/content/ast-groupe
2116,/en/content/aprr
2117,/fr/node/119567
2118,/en/content/cryonic-medical
2119,/fr/node/119573
2120,/en/content/global-interface
2121,/fr/node/119568
2122,/en/content/scorpa
2123,/fr/node/119569
2124,/fr/node/119570
2125,/en/content/capelli-0
2126,/fr/node/119571
2127,/en/content/nexity
2128,/fr/content/body-one
2129,/en/content/body-one
2130,/en/content/sacyr-vallehermoso
2131,/fr/content/lexbase
2132,/en/content/lexbase
2133,/en/content/cimex-pharma
2134,/fr/content/cimex-pharma
2135,/en/content/lta-modeling-group
2136,/fr/content/lta-modeling-group
2137,/en/content/skinethic
2138,/fr/content/skinethic
2139,/fr/content/neovia-electronics
2140,/en/content/neovia-electronics
2141,/fr/node/119580
2142,/fr/content/smtpc
2143,/en/content/lb-icon-ab
2144,/en/content/eca
2145,/en/content/smtpc
2146,/fr/content/ebizcusscom
2147,/en/content/pagesjaunes
2148,/en/content/oxbow
2149,/en/content/ebizcusscom
2150,/fr/content/pagesjaunes
2151,/fr/node/119584
2152,/fr/node/119587
2153,/en/content/musicrypt-inc
2154,/fr/content/u10
2155,/en/content/u10
2156,/fr/content/snecma
2157,/en/content/snecma
2158,/en/content/continental-lease
2159,/fr/content/continental-lease
2160,/en/content/biomerieux
2161,/fr/node/119586
2162,/en/content/spyker-cars
2163,/fr/content/inventoriste
2164,/en/content/inventoriste
2165,/en/content/gemalto
2166,/fr/node/119593
2167,/en/content/ses
2168,/fr/content/ses
2169,/en/content/silicon-web-group
2170,/fr/content/silicon-web-group
2171,/fr/content/ferco-dev
2172,/en/content/ferco-dev
2173,/fr/content/groupe-julliard-sa
2174,/en/content/groupe-julliard-sa
2175,/en/content/poweo
2176,/fr/content/poweo-0
2177,/en/content/toute-vitesse
2178,/fr/content/toute-vitesse
2179,/en/content/raphael-michel-s
2180,/fr/content/raphael-michel-s
2181,/en/content/wereldhave
2182,/fr/node/119602
2183,/en/content/gruppo-formula
2184,/fr/node/119603
2185,/en/content/gescartao
2186,/en/content/kardan
2187,/nl/content/kardan
2188,/pt/content/banco-comercial-dos-a%C3%A7ores-sa
